"ID1";"ID2";"time";"value"
1;2;2010-11-06;NA
1;2;2010-11-13;130
1;2;2010-11-20;222
1;2;2010-11-27;166
1;2;2010-12-04;174
1;2;2010-12-11;236
1;2;2010-12-18;350
1;2;2010-12-25;216
1;2;2011-01-01;230
1;2;2011-01-08;268
1;2;2011-01-15;332
1;2;2011-01-22;280
1;2;2011-01-29;214
1;2;2011-02-05;220
1;2;2011-02-12;276
1;2;2011-02-19;218
1;2;2011-02-26;226
1;2;2011-03-05;246
1;2;2011-03-12;340
1;2;2011-03-19;212
1;2;2011-03-26;300
1;2;2011-04-02;214
1;2;2011-04-09;348
1;2;2011-04-16;390
1;2;2011-04-23;346
1;2;2011-04-30;402
1;2;2011-05-07;306
1;2;2011-05-14;318
1;2;2011-05-21;286
1;2;2011-05-28;250
1;2;2011-06-04;170
1;2;2011-06-11;334
1;2;2011-06-18;256
1;2;2011-06-25;264
1;2;2011-07-02;226
1;2;2011-07-09;290
1;2;2011-07-16;352
1;2;2011-07-23;248
1;2;2011-07-30;262
1;2;2011-08-06;272
1;2;2011-08-13;288
1;2;2011-08-20;198
1;2;2011-08-27;228
1;2;2011-09-03;200
1;2;2011-09-10;254
1;2;2011-09-17;292
1;2;2011-09-24;272
1;2;2011-10-01;314
1;2;2011-10-08;398
1;2;2011-10-15;318
1;2;2011-10-22;250
1;2;2011-10-29;222
1;2;2011-11-05;240
1;2;2011-11-12;340
1;2;2011-11-19;268
1;2;2011-11-26;222
1;2;2011-12-03;208
1;2;2011-12-10;320
1;2;2011-12-17;252
1;2;2011-12-24;244
1;2;2011-12-31;248
1;2;2012-01-07;274
1;2;2012-01-14;248
1;2;2012-01-21;250
1;2;2012-01-28;206
1;2;2012-02-04;190
1;2;2012-02-11;334
1;2;2012-02-18;248
1;2;2012-02-25;284
1;2;2012-03-03;228
1;2;2012-03-10;258
1;2;2012-03-17;276
1;2;2012-03-24;270
1;2;2012-03-31;222
1;2;2012-04-07;332
1;2;2012-04-14;310
1;2;2012-04-21;314
1;2;2012-04-28;274
1;2;2012-05-05;334
1;2;2012-05-12;288
1;2;2012-05-19;200
1;2;2012-05-26;230
1;2;2012-06-02;234
1;2;2012-06-09;294
1;2;2012-06-16;246
1;2;2012-06-23;216
1;2;2012-06-30;272
1;2;2012-07-07;298
1;2;2012-07-14;200
1;2;2012-07-21;216
1;2;2012-07-28;220
1;2;2012-08-04;254
1;2;2012-08-11;324
1;2;2012-08-18;250
1;2;2012-08-25;252
1;2;2012-09-01;200
1;2;2012-09-08;244
1;2;2012-09-15;178
1;2;2012-09-22;188
1;2;2012-09-29;230
1;2;2012-10-06;214
1;2;2012-10-13;226
1;2;2012-10-20;248
1;2;2012-10-27;162
1;2;2012-11-03;204
1;2;2012-11-10;244
1;2;2012-11-17;188
1;2;2012-11-24;138
1;2;2012-12-01;202
1;2;2012-12-08;194
1;2;2012-12-15;152
1;2;2012-12-22;168
1;2;2012-12-29;140
1;2;2013-01-05;202
1;2;2013-01-12;214
1;2;2013-01-19;184
1;2;2013-01-26;156
1;2;2013-02-02;136
1;2;2013-02-09;208
1;2;2013-02-16;200
1;2;2013-02-23;184
1;2;2013-03-02;162
1;2;2013-03-09;218
1;2;2013-03-16;246
1;2;2013-03-23;182
1;2;2013-03-30;190
1;2;2013-04-06;200
1;2;2013-04-13;242
1;2;2013-04-20;224
1;2;2013-04-27;164
1;2;2013-05-04;184
1;2;2013-05-11;198
1;2;2013-05-18;202
1;2;2013-05-25;158
1;2;2013-06-01;228
1;2;2013-06-08;228
1;2;2013-06-15;186
1;2;2013-06-22;202
1;2;2013-06-29;192
1;2;2013-07-06;226
1;2;2013-07-13;236
1;2;2013-07-20;192
1;2;2013-07-27;172
1;2;2013-08-03;156
1;2;2013-08-10;232
1;2;2013-08-17;186
1;2;2013-08-24;160
1;2;2013-08-31;188
1;2;2013-09-07;222
1;2;2013-09-14;268
1;2;2013-09-21;144
1;2;2013-09-28;160
1;2;2013-10-05;178
1;2;2013-10-12;238
1;2;2013-10-19;174
1;2;2013-10-26;164
1;2;2013-11-02;NA
1;2;2013-11-09;212
1;2;2013-11-16;170
1;2;2013-11-23;176
1;2;2013-11-30;160
1;2;2013-12-07;210
1;2;2013-12-14;208
1;2;2013-12-21;126
1;2;2013-12-28;168
2;1;2010-11-06;144
2;1;2010-11-13;142
2;1;2010-11-20;104
2;1;2010-11-27;100
2;1;2010-12-04;128
2;1;2010-12-11;154
2;1;2010-12-18;104
2;1;2010-12-25;102
2;1;2011-01-01;134
2;1;2011-01-08;96
2;1;2011-01-15;128
2;1;2011-01-22;156
2;1;2011-01-29;182
2;1;2011-02-05;156
2;1;2011-02-12;174
2;1;2011-02-19;168
2;1;2011-02-26;180
2;1;2011-03-05;170
2;1;2011-03-12;206
2;1;2011-03-19;136
2;1;2011-03-26;144
2;1;2011-04-02;146
2;1;2011-04-09;84
2;1;2011-04-16;124
2;1;2011-04-23;112
2;1;2011-04-30;134
2;1;2011-05-07;178
2;1;2011-05-14;180
2;1;2011-05-21;166
2;1;2011-05-28;148
2;1;2011-06-04;132
2;1;2011-06-11;186
2;1;2011-06-18;188
2;1;2011-06-25;230
2;1;2011-07-02;146
2;1;2011-07-09;142
2;1;2011-07-16;114
2;1;2011-07-23;102
2;1;2011-07-30;110
2;1;2011-08-06;96
2;1;2011-08-13;126
2;1;2011-08-20;68
2;1;2011-08-27;98
2;1;2011-09-03;112
2;1;2011-09-10;114
2;1;2011-09-17;80
2;1;2011-09-24;120
2;1;2011-10-01;106
2;1;2011-10-08;104
2;1;2011-10-15;98
2;1;2011-10-22;120
2;1;2011-10-29;84
2;1;2011-11-05;116
2;1;2011-11-12;130
2;1;2011-11-19;124
2;1;2011-11-26;112
2;1;2011-12-03;106
2;1;2011-12-10;140
2;1;2011-12-17;112
2;1;2011-12-24;136
2;1;2011-12-31;192
2;1;2012-01-07;164
2;1;2012-01-14;148
2;1;2012-01-21;188
2;1;2012-01-28;140
2;1;2012-02-04;156
2;1;2012-02-11;210
2;1;2012-02-18;150
2;1;2012-02-25;114
2;1;2012-03-03;148
2;1;2012-03-10;184
2;1;2012-03-17;126
2;1;2012-03-24;96
2;1;2012-03-31;114
2;1;2012-04-07;118
2;1;2012-04-14;112
2;1;2012-04-21;148
2;1;2012-04-28;110
2;1;2012-05-05;132
2;1;2012-05-12;168
2;1;2012-05-19;180
2;1;2012-05-26;138
2;1;2012-06-02;196
2;1;2012-06-09;174
2;1;2012-06-16;208
2;1;2012-06-23;150
2;1;2012-06-30;148
2;1;2012-07-07;144
2;1;2012-07-14;180
2;1;2012-07-21;142
2;1;2012-07-28;134
2;1;2012-08-04;136
2;1;2012-08-11;202
2;1;2012-08-18;194
2;1;2012-08-25;154
2;1;2012-09-01;134
2;1;2012-09-08;154
2;1;2012-09-15;152
2;1;2012-09-22;142
2;1;2012-09-29;124
2;1;2012-10-06;120
2;1;2012-10-13;112
2;1;2012-10-20;160
2;1;2012-10-27;144
2;1;2012-11-03;146
2;1;2012-11-10;168
2;1;2012-11-17;140
2;1;2012-11-24;146
2;1;2012-12-01;118
2;1;2012-12-08;70
2;1;2012-12-15;146
2;1;2012-12-22;140
2;1;2012-12-29;150
2;1;2013-01-05;162
2;1;2013-01-12;128
2;1;2013-01-19;152
2;1;2013-01-26;278
2;1;2013-02-02;156
2;1;2013-02-09;110
2;1;2013-02-16;240
2;1;2013-02-23;192
2;1;2013-03-02;230
2;1;2013-03-09;220
2;1;2013-03-16;166
2;1;2013-03-23;162
2;1;2013-03-30;208
2;1;2013-04-06;208
2;1;2013-04-13;134
2;1;2013-04-20;178
2;1;2013-04-27;212
2;1;2013-05-04;272
2;1;2013-05-11;208
2;1;2013-05-18;164
2;1;2013-05-25;152
2;1;2013-06-01;206
2;1;2013-06-08;234
2;1;2013-06-15;172
2;1;2013-06-22;156
2;1;2013-06-29;184
2;1;2013-07-06;264
2;1;2013-07-13;136
2;1;2013-07-20;148
2;1;2013-07-27;142
2;1;2013-08-03;114
2;1;2013-08-10;122
2;1;2013-08-17;160
2;1;2013-08-24;158
2;1;2013-08-31;108
2;1;2013-09-07;154
2;1;2013-09-14;146
2;1;2013-09-21;134
2;1;2013-09-28;122
2;1;2013-10-05;112
2;1;2013-10-12;142
2;1;2013-10-19;168
2;1;2013-10-26;128
2;1;2013-11-02;NA
2;1;2013-11-09;164
2;1;2013-11-16;146
2;1;2013-11-23;166
2;1;2013-11-30;136
2;1;2013-12-07;112
2;1;2013-12-14;132
2;1;2013-12-21;196
2;1;2013-12-28;184
3;1;2010-11-06;60
3;1;2010-11-13;70
3;1;2010-11-20;44
3;1;2010-11-27;42
3;1;2010-12-04;58
3;1;2010-12-11;94
3;1;2010-12-18;76
3;1;2010-12-25;58
3;1;2011-01-01;62
3;1;2011-01-08;54
3;1;2011-01-15;64
3;1;2011-01-22;58
3;1;2011-01-29;120
3;1;2011-02-05;82
3;1;2011-02-12;86
3;1;2011-02-19;120
3;1;2011-02-26;118
3;1;2011-03-05;98
3;1;2011-03-12;116
3;1;2011-03-19;104
3;1;2011-03-26;94
3;1;2011-04-02;84
3;1;2011-04-09;106
3;1;2011-04-16;104
3;1;2011-04-23;68
3;1;2011-04-30;56
3;1;2011-05-07;68
3;1;2011-05-14;78
3;1;2011-05-21;96
3;1;2011-05-28;64
3;1;2011-06-04;72
3;1;2011-06-11;78
3;1;2011-06-18;88
3;1;2011-06-25;80
3;1;2011-07-02;64
3;1;2011-07-09;96
3;1;2011-07-16;102
3;1;2011-07-23;58
3;1;2011-07-30;42
3;1;2011-08-06;46
3;1;2011-08-13;64
3;1;2011-08-20;58
3;1;2011-08-27;62
3;1;2011-09-03;58
3;1;2011-09-10;48
3;1;2011-09-17;54
3;1;2011-09-24;42
3;1;2011-10-01;32
3;1;2011-10-08;68
3;1;2011-10-15;52
3;1;2011-10-22;44
3;1;2011-10-29;40
3;1;2011-11-05;52
3;1;2011-11-12;62
3;1;2011-11-19;76
3;1;2011-11-26;72
3;1;2011-12-03;30
3;1;2011-12-10;40
3;1;2011-12-17;66
3;1;2011-12-24;72
3;1;2011-12-31;58
3;1;2012-01-07;56
3;1;2012-01-14;72
3;1;2012-01-21;62
3;1;2012-01-28;60
3;1;2012-02-04;62
3;1;2012-02-11;82
3;1;2012-02-18;92
3;1;2012-02-25;62
3;1;2012-03-03;62
3;1;2012-03-10;94
3;1;2012-03-17;78
3;1;2012-03-24;96
3;1;2012-03-31;92
3;1;2012-04-07;90
3;1;2012-04-14;120
3;1;2012-04-21;78
3;1;2012-04-28;98
3;1;2012-05-05;96
3;1;2012-05-12;92
3;1;2012-05-19;94
3;1;2012-05-26;66
3;1;2012-06-02;104
3;1;2012-06-09;94
3;1;2012-06-16;84
3;1;2012-06-23;100
3;1;2012-06-30;92
3;1;2012-07-07;88
3;1;2012-07-14;72
3;1;2012-07-21;48
3;1;2012-07-28;60
3;1;2012-08-04;62
3;1;2012-08-11;72
3;1;2012-08-18;98
3;1;2012-08-25;82
3;1;2012-09-01;34
3;1;2012-09-08;56
3;1;2012-09-15;68
3;1;2012-09-22;54
3;1;2012-09-29;54
3;1;2012-10-06;64
3;1;2012-10-13;60
3;1;2012-10-20;52
3;1;2012-10-27;52
3;1;2012-11-03;58
3;1;2012-11-10;58
3;1;2012-11-17;56
3;1;2012-11-24;74
3;1;2012-12-01;62
3;1;2012-12-08;46
3;1;2012-12-15;36
3;1;2012-12-22;30
3;1;2012-12-29;30
3;1;2013-01-05;36
3;1;2013-01-12;38
3;1;2013-01-19;30
3;1;2013-01-26;34
3;1;2013-02-02;28
3;1;2013-02-09;54
3;1;2013-02-16;54
3;1;2013-02-23;66
3;1;2013-03-02;68
3;1;2013-03-09;60
3;1;2013-03-16;56
3;1;2013-03-23;100
3;1;2013-03-30;62
3;1;2013-04-06;58
3;1;2013-04-13;98
3;1;2013-04-20;66
3;1;2013-04-27;102
3;1;2013-05-04;116
3;1;2013-05-11;98
3;1;2013-05-18;112
3;1;2013-05-25;74
3;1;2013-06-01;76
3;1;2013-06-08;106
3;1;2013-06-15;98
3;1;2013-06-22;76
3;1;2013-06-29;80
3;1;2013-07-06;114
3;1;2013-07-13;100
3;1;2013-07-20;80
3;1;2013-07-27;52
3;1;2013-08-03;40
3;1;2013-08-10;34
3;1;2013-08-17;52
3;1;2013-08-24;36
3;1;2013-08-31;50
3;1;2013-09-07;52
3;1;2013-09-14;68
3;1;2013-09-21;58
3;1;2013-09-28;40
3;1;2013-10-05;44
3;1;2013-10-12;62
3;1;2013-10-19;54
3;1;2013-10-26;62
3;1;2013-11-02;NA
3;1;2013-11-09;54
3;1;2013-11-16;74
3;1;2013-11-23;62
3;1;2013-11-30;60
3;1;2013-12-07;70
3;1;2013-12-14;80
3;1;2013-12-21;70
3;1;2013-12-28;50
4;2;2010-11-06;440
4;2;2010-11-13;314
4;2;2010-11-20;238
4;2;2010-11-27;244
4;2;2010-12-04;346
4;2;2010-12-11;340
4;2;2010-12-18;350
4;2;2010-12-25;264
4;2;2011-01-01;294
4;2;2011-01-08;352
4;2;2011-01-15;476
4;2;2011-01-22;358
4;2;2011-01-29;298
4;2;2011-02-05;400
4;2;2011-02-12;436
4;2;2011-02-19;326
4;2;2011-02-26;292
4;2;2011-03-05;280
4;2;2011-03-12;416
4;2;2011-03-19;420
4;2;2011-03-26;294
4;2;2011-04-02;300
4;2;2011-04-09;442
4;2;2011-04-16;528
4;2;2011-04-23;308
4;2;2011-04-30;332
4;2;2011-05-07;316
4;2;2011-05-14;282
4;2;2011-05-21;328
4;2;2011-05-28;350
4;2;2011-06-04;310
4;2;2011-06-11;340
4;2;2011-06-18;408
4;2;2011-06-25;276
4;2;2011-07-02;296
4;2;2011-07-09;314
4;2;2011-07-16;292
4;2;2011-07-23;274
4;2;2011-07-30;240
4;2;2011-08-06;264
4;2;2011-08-13;434
4;2;2011-08-20;242
4;2;2011-08-27;350
4;2;2011-09-03;280
4;2;2011-09-10;286
4;2;2011-09-17;376
4;2;2011-09-24;270
4;2;2011-10-01;442
4;2;2011-10-08;402
4;2;2011-10-15;332
4;2;2011-10-22;346
4;2;2011-10-29;244
4;2;2011-11-05;368
4;2;2011-11-12;412
4;2;2011-11-19;350
4;2;2011-11-26;256
4;2;2011-12-03;360
4;2;2011-12-10;400
4;2;2011-12-17;372
4;2;2011-12-24;332
4;2;2011-12-31;338
4;2;2012-01-07;372
4;2;2012-01-14;350
4;2;2012-01-21;306
4;2;2012-01-28;276
4;2;2012-02-04;318
4;2;2012-02-11;352
4;2;2012-02-18;386
4;2;2012-02-25;194
4;2;2012-03-03;244
4;2;2012-03-10;360
4;2;2012-03-17;366
4;2;2012-03-24;252
4;2;2012-03-31;278
4;2;2012-04-07;264
4;2;2012-04-14;338
4;2;2012-04-21;260
4;2;2012-04-28;356
4;2;2012-05-05;362
4;2;2012-05-12;314
4;2;2012-05-19;246
4;2;2012-05-26;346
4;2;2012-06-02;324
4;2;2012-06-09;326
4;2;2012-06-16;390
4;2;2012-06-23;270
4;2;2012-06-30;312
4;2;2012-07-07;256
4;2;2012-07-14;356
4;2;2012-07-21;400
4;2;2012-07-28;256
4;2;2012-08-04;294
4;2;2012-08-11;266
4;2;2012-08-18;288
4;2;2012-08-25;268
4;2;2012-09-01;228
4;2;2012-09-08;318
4;2;2012-09-15;326
4;2;2012-09-22;328
4;2;2012-09-29;234
4;2;2012-10-06;274
4;2;2012-10-13;356
4;2;2012-10-20;374
4;2;2012-10-27;272
4;2;2012-11-03;346
4;2;2012-11-10;292
4;2;2012-11-17;294
4;2;2012-11-24;408
4;2;2012-12-01;266
4;2;2012-12-08;278
4;2;2012-12-15;332
4;2;2012-12-22;322
4;2;2012-12-29;240
4;2;2013-01-05;286
4;2;2013-01-12;310
4;2;2013-01-19;372
4;2;2013-01-26;232
4;2;2013-02-02;198
4;2;2013-02-09;364
4;2;2013-02-16;392
4;2;2013-02-23;352
4;2;2013-03-02;262
4;2;2013-03-09;330
4;2;2013-03-16;518
4;2;2013-03-23;274
4;2;2013-03-30;408
4;2;2013-04-06;276
4;2;2013-04-13;452
4;2;2013-04-20;380
4;2;2013-04-27;284
4;2;2013-05-04;276
4;2;2013-05-11;418
4;2;2013-05-18;300
4;2;2013-05-25;234
4;2;2013-06-01;290
4;2;2013-06-08;300
4;2;2013-06-15;362
4;2;2013-06-22;298
4;2;2013-06-29;338
4;2;2013-07-06;390
4;2;2013-07-13;310
4;2;2013-07-20;296
4;2;2013-07-27;340
4;2;2013-08-03;196
4;2;2013-08-10;456
4;2;2013-08-17;348
4;2;2013-08-24;284
4;2;2013-08-31;306
4;2;2013-09-07;354
4;2;2013-09-14;330
4;2;2013-09-21;320
4;2;2013-09-28;320
4;2;2013-10-05;374
4;2;2013-10-12;366
4;2;2013-10-19;306
4;2;2013-10-26;334
4;2;2013-11-02;NA
4;2;2013-11-09;312
4;2;2013-11-16;324
4;2;2013-11-23;280
4;2;2013-11-30;268
4;2;2013-12-07;350
4;2;2013-12-14;330
4;2;2013-12-21;314
4;2;2013-12-28;278
5;1;2010-11-06;128
5;1;2010-11-13;108
5;1;2010-11-20;98
5;1;2010-11-27;52
5;1;2010-12-04;98
5;1;2010-12-11;126
5;1;2010-12-18;106
5;1;2010-12-25;88
5;1;2011-01-01;102
5;1;2011-01-08;162
5;1;2011-01-15;136
5;1;2011-01-22;126
5;1;2011-01-29;136
5;1;2011-02-05;134
5;1;2011-02-12;160
5;1;2011-02-19;156
5;1;2011-02-26;122
5;1;2011-03-05;170
5;1;2011-03-12;170
5;1;2011-03-19;122
5;1;2011-03-26;118
5;1;2011-04-02;162
5;1;2011-04-09;186
5;1;2011-04-16;144
5;1;2011-04-23;118
5;1;2011-04-30;124
5;1;2011-05-07;238
5;1;2011-05-14;168
5;1;2011-05-21;120
5;1;2011-05-28;114
5;1;2011-06-04;164
5;1;2011-06-11;206
5;1;2011-06-18;190
5;1;2011-06-25;196
5;1;2011-07-02;160
5;1;2011-07-09;296
5;1;2011-07-16;146
5;1;2011-07-23;140
5;1;2011-07-30;134
5;1;2011-08-06;134
5;1;2011-08-13;156
5;1;2011-08-20;130
5;1;2011-08-27;104
5;1;2011-09-03;104
5;1;2011-09-10;152
5;1;2011-09-17;128
5;1;2011-09-24;114
5;1;2011-10-01;132
5;1;2011-10-08;138
5;1;2011-10-15;134
5;1;2011-10-22;118
5;1;2011-10-29;78
5;1;2011-11-05;100
5;1;2011-11-12;134
5;1;2011-11-19;106
5;1;2011-11-26;66
5;1;2011-12-03;112
5;1;2011-12-10;106
5;1;2011-12-17;96
5;1;2011-12-24;84
5;1;2011-12-31;120
5;1;2012-01-07;184
5;1;2012-01-14;164
5;1;2012-01-21;124
5;1;2012-01-28;120
5;1;2012-02-04;148
5;1;2012-02-11;208
5;1;2012-02-18;108
5;1;2012-02-25;118
5;1;2012-03-03;114
5;1;2012-03-10;240
5;1;2012-03-17;154
5;1;2012-03-24;168
5;1;2012-03-31;114
5;1;2012-04-07;162
5;1;2012-04-14;144
5;1;2012-04-21;162
5;1;2012-04-28;124
5;1;2012-05-05;148
5;1;2012-05-12;174
5;1;2012-05-19;152
5;1;2012-05-26;120
5;1;2012-06-02;118
5;1;2012-06-09;196
5;1;2012-06-16;184
5;1;2012-06-23;196
5;1;2012-06-30;160
5;1;2012-07-07;182
5;1;2012-07-14;178
5;1;2012-07-21;168
5;1;2012-07-28;118
5;1;2012-08-04;126
5;1;2012-08-11;206
5;1;2012-08-18;118
5;1;2012-08-25;108
5;1;2012-09-01;124
5;1;2012-09-08;158
5;1;2012-09-15;130
5;1;2012-09-22;122
5;1;2012-09-29;116
5;1;2012-10-06;136
5;1;2012-10-13;108
5;1;2012-10-20;124
5;1;2012-10-27;70
5;1;2012-11-03;106
5;1;2012-11-10;146
5;1;2012-11-17;104
5;1;2012-11-24;76
5;1;2012-12-01;116
5;1;2012-12-08;82
5;1;2012-12-15;110
5;1;2012-12-22;96
5;1;2012-12-29;104
5;1;2013-01-05;102
5;1;2013-01-12;88
5;1;2013-01-19;90
5;1;2013-01-26;120
5;1;2013-02-02;100
5;1;2013-02-09;92
5;1;2013-02-16;134
5;1;2013-02-23;152
5;1;2013-03-02;138
5;1;2013-03-09;184
5;1;2013-03-16;130
5;1;2013-03-23;138
5;1;2013-03-30;112
5;1;2013-04-06;134
5;1;2013-04-13;126
5;1;2013-04-20;140
5;1;2013-04-27;142
5;1;2013-05-04;158
5;1;2013-05-11;206
5;1;2013-05-18;138
5;1;2013-05-25;128
5;1;2013-06-01;130
5;1;2013-06-08;254
5;1;2013-06-15;170
5;1;2013-06-22;154
5;1;2013-06-29;146
5;1;2013-07-06;274
5;1;2013-07-13;172
5;1;2013-07-20;126
5;1;2013-07-27;98
5;1;2013-08-03;118
5;1;2013-08-10;138
5;1;2013-08-17;146
5;1;2013-08-24;110
5;1;2013-08-31;66
5;1;2013-09-07;138
5;1;2013-09-14;142
5;1;2013-09-21;100
5;1;2013-09-28;116
5;1;2013-10-05;118
5;1;2013-10-12;148
5;1;2013-10-19;134
5;1;2013-10-26;108
5;1;2013-11-02;NA
5;1;2013-11-09;156
5;1;2013-11-16;122
5;1;2013-11-23;118
5;1;2013-11-30;124
5;1;2013-12-07;132
5;1;2013-12-14;112
5;1;2013-12-21;140
5;1;2013-12-28;98
6;1;2010-11-06;302
6;1;2010-11-13;438
6;1;2010-11-20;524
6;1;2010-11-27;540
6;1;2010-12-04;528
6;1;2010-12-11;576
6;1;2010-12-18;548
6;1;2010-12-25;608
6;1;2011-01-01;596
6;1;2011-01-08;632
6;1;2011-01-15;658
6;1;2011-01-22;674
6;1;2011-01-29;598
6;1;2011-02-05;670
6;1;2011-02-12;704
6;1;2011-02-19;666
6;1;2011-02-26;682
6;1;2011-03-05;650
6;1;2011-03-12;674
6;1;2011-03-19;706
6;1;2011-03-26;610
6;1;2011-04-02;462
6;1;2011-04-09;500
6;1;2011-04-16;520
6;1;2011-04-23;468
6;1;2011-04-30;382
6;1;2011-05-07;456
6;1;2011-05-14;352
6;1;2011-05-21;354
6;1;2011-05-28;298
6;1;2011-06-04;396
6;1;2011-06-11;394
6;1;2011-06-18;372
6;1;2011-06-25;270
6;1;2011-07-02;304
6;1;2011-07-09;282
6;1;2011-07-16;320
6;1;2011-07-23;296
6;1;2011-07-30;330
6;1;2011-08-06;324
6;1;2011-08-13;264
6;1;2011-08-20;244
6;1;2011-08-27;224
6;1;2011-09-03;244
6;1;2011-09-10;282
6;1;2011-09-17;258
6;1;2011-09-24;236
6;1;2011-10-01;282
6;1;2011-10-08;306
6;1;2011-10-15;304
6;1;2011-10-22;328
6;1;2011-10-29;276
6;1;2011-11-05;320
6;1;2011-11-12;382
6;1;2011-11-19;380
6;1;2011-11-26;368
6;1;2011-12-03;318
6;1;2011-12-10;384
6;1;2011-12-17;436
6;1;2011-12-24;526
6;1;2011-12-31;434
6;1;2012-01-07;462
6;1;2012-01-14;548
6;1;2012-01-21;504
6;1;2012-01-28;516
6;1;2012-02-04;542
6;1;2012-02-11;810
6;1;2012-02-18;676
6;1;2012-02-25;870
6;1;2012-03-03;740
6;1;2012-03-10;662
6;1;2012-03-17;580
6;1;2012-03-24;528
6;1;2012-03-31;464
6;1;2012-04-07;440
6;1;2012-04-14;394
6;1;2012-04-21;438
6;1;2012-04-28;328
6;1;2012-05-05;378
6;1;2012-05-12;378
6;1;2012-05-19;312
6;1;2012-05-26;370
6;1;2012-06-02;326
6;1;2012-06-09;398
6;1;2012-06-16;446
6;1;2012-06-23;366
6;1;2012-06-30;358
6;1;2012-07-07;404
6;1;2012-07-14;424
6;1;2012-07-21;326
6;1;2012-07-28;284
6;1;2012-08-04;292
6;1;2012-08-11;330
6;1;2012-08-18;298
6;1;2012-08-25;272
6;1;2012-09-01;272
6;1;2012-09-08;306
6;1;2012-09-15;278
6;1;2012-09-22;290
6;1;2012-09-29;260
6;1;2012-10-06;274
6;1;2012-10-13;276
6;1;2012-10-20;310
6;1;2012-10-27;310
6;1;2012-11-03;324
6;1;2012-11-10;346
6;1;2012-11-17;356
6;1;2012-11-24;404
6;1;2012-12-01;448
6;1;2012-12-08;458
6;1;2012-12-15;616
6;1;2012-12-22;674
6;1;2012-12-29;582
6;1;2013-01-05;662
6;1;2013-01-12;610
6;1;2013-01-19;706
6;1;2013-01-26;664
6;1;2013-02-02;710
6;1;2013-02-09;674
6;1;2013-02-16;646
6;1;2013-02-23;590
6;1;2013-03-02;678
6;1;2013-03-09;714
6;1;2013-03-16;658
6;1;2013-03-23;600
6;1;2013-03-30;608
6;1;2013-04-06;604
6;1;2013-04-13;622
6;1;2013-04-20;598
6;1;2013-04-27;424
6;1;2013-05-04;358
6;1;2013-05-11;390
6;1;2013-05-18;396
6;1;2013-05-25;360
6;1;2013-06-01;298
6;1;2013-06-08;376
6;1;2013-06-15;374
6;1;2013-06-22;312
6;1;2013-06-29;306
6;1;2013-07-06;302
6;1;2013-07-13;300
6;1;2013-07-20;338
6;1;2013-07-27;328
6;1;2013-08-03;228
6;1;2013-08-10;240
6;1;2013-08-17;236
6;1;2013-08-24;218
6;1;2013-08-31;246
6;1;2013-09-07;246
6;1;2013-09-14;226
6;1;2013-09-21;294
6;1;2013-09-28;254
6;1;2013-10-05;226
6;1;2013-10-12;276
6;1;2013-10-19;272
6;1;2013-10-26;264
6;1;2013-11-02;NA
6;1;2013-11-09;318
6;1;2013-11-16;302
6;1;2013-11-23;358
6;1;2013-11-30;348
6;1;2013-12-07;302
6;1;2013-12-14;424
6;1;2013-12-21;466
6;1;2013-12-28;420
7;1;2010-11-06;158
7;1;2010-11-13;156
7;1;2010-11-20;156
7;1;2010-11-27;178
7;1;2010-12-04;222
7;1;2010-12-11;178
7;1;2010-12-18;274
7;1;2010-12-25;314
7;1;2011-01-01;268
7;1;2011-01-08;300
7;1;2011-01-15;354
7;1;2011-01-22;338
7;1;2011-01-29;322
7;1;2011-02-05;306
7;1;2011-02-12;360
7;1;2011-02-19;304
7;1;2011-02-26;396
7;1;2011-03-05;328
7;1;2011-03-12;386
7;1;2011-03-19;370
7;1;2011-03-26;334
7;1;2011-04-02;314
7;1;2011-04-09;304
7;1;2011-04-16;412
7;1;2011-04-23;262
7;1;2011-04-30;228
7;1;2011-05-07;170
7;1;2011-05-14;270
7;1;2011-05-21;150
7;1;2011-05-28;178
7;1;2011-06-04;224
7;1;2011-06-11;242
7;1;2011-06-18;162
7;1;2011-06-25;224
7;1;2011-07-02;160
7;1;2011-07-09;228
7;1;2011-07-16;206
7;1;2011-07-23;184
7;1;2011-07-30;228
7;1;2011-08-06;172
7;1;2011-08-13;200
7;1;2011-08-20;142
7;1;2011-08-27;146
7;1;2011-09-03;122
7;1;2011-09-10;122
7;1;2011-09-17;140
7;1;2011-09-24;104
7;1;2011-10-01;114
7;1;2011-10-08;108
7;1;2011-10-15;126
7;1;2011-10-22;120
7;1;2011-10-29;130
7;1;2011-11-05;138
7;1;2011-11-12;164
7;1;2011-11-19;222
7;1;2011-11-26;138
7;1;2011-12-03;158
7;1;2011-12-10;178
7;1;2011-12-17;188
7;1;2011-12-24;208
7;1;2011-12-31;200
7;1;2012-01-07;332
7;1;2012-01-14;358
7;1;2012-01-21;228
7;1;2012-01-28;268
7;1;2012-02-04;328
7;1;2012-02-11;354
7;1;2012-02-18;326
7;1;2012-02-25;294
7;1;2012-03-03;350
7;1;2012-03-10;422
7;1;2012-03-17;362
7;1;2012-03-24;280
7;1;2012-03-31;252
7;1;2012-04-07;184
7;1;2012-04-14;226
7;1;2012-04-21;292
7;1;2012-04-28;204
7;1;2012-05-05;190
7;1;2012-05-12;184
7;1;2012-05-19;202
7;1;2012-05-26;188
7;1;2012-06-02;190
7;1;2012-06-09;210
7;1;2012-06-16;216
7;1;2012-06-23;236
7;1;2012-06-30;240
7;1;2012-07-07;300
7;1;2012-07-14;276
7;1;2012-07-21;232
7;1;2012-07-28;242
7;1;2012-08-04;194
7;1;2012-08-11;260
7;1;2012-08-18;204
7;1;2012-08-25;120
7;1;2012-09-01;148
7;1;2012-09-08;176
7;1;2012-09-15;172
7;1;2012-09-22;144
7;1;2012-09-29;160
7;1;2012-10-06;148
7;1;2012-10-13;136
7;1;2012-10-20;128
7;1;2012-10-27;138
7;1;2012-11-03;162
7;1;2012-11-10;130
7;1;2012-11-17;136
7;1;2012-11-24;148
7;1;2012-12-01;152
7;1;2012-12-08;234
7;1;2012-12-15;218
7;1;2012-12-22;276
7;1;2012-12-29;284
7;1;2013-01-05;332
7;1;2013-01-12;332
7;1;2013-01-19;374
7;1;2013-01-26;326
7;1;2013-02-02;286
7;1;2013-02-09;306
7;1;2013-02-16;256
7;1;2013-02-23;290
7;1;2013-03-02;278
7;1;2013-03-09;354
7;1;2013-03-16;280
7;1;2013-03-23;254
7;1;2013-03-30;258
7;1;2013-04-06;308
7;1;2013-04-13;338
7;1;2013-04-20;300
7;1;2013-04-27;222
7;1;2013-05-04;182
7;1;2013-05-11;250
7;1;2013-05-18;226
7;1;2013-05-25;170
7;1;2013-06-01;160
7;1;2013-06-08;248
7;1;2013-06-15;176
7;1;2013-06-22;180
7;1;2013-06-29;186
7;1;2013-07-06;166
7;1;2013-07-13;266
7;1;2013-07-20;228
7;1;2013-07-27;206
7;1;2013-08-03;182
7;1;2013-08-10;174
7;1;2013-08-17;228
7;1;2013-08-24;168
7;1;2013-08-31;164
7;1;2013-09-07;152
7;1;2013-09-14;140
7;1;2013-09-21;140
7;1;2013-09-28;128
7;1;2013-10-05;142
7;1;2013-10-12;214
7;1;2013-10-19;158
7;1;2013-10-26;136
7;1;2013-11-02;NA
7;1;2013-11-09;164
7;1;2013-11-16;200
7;1;2013-11-23;238
7;1;2013-11-30;228
7;1;2013-12-07;242
7;1;2013-12-14;288
7;1;2013-12-21;236
7;1;2013-12-28;248
8;1;2010-11-06;374
8;1;2010-11-13;352
8;1;2010-11-20;348
8;1;2010-11-27;354
8;1;2010-12-04;420
8;1;2010-12-11;550
8;1;2010-12-18;520
8;1;2010-12-25;404
8;1;2011-01-01;388
8;1;2011-01-08;392
8;1;2011-01-15;522
8;1;2011-01-22;600
8;1;2011-01-29;658
8;1;2011-02-05;548
8;1;2011-02-12;656
8;1;2011-02-19;608
8;1;2011-02-26;616
8;1;2011-03-05;596
8;1;2011-03-12;594
8;1;2011-03-19;592
8;1;2011-03-26;508
8;1;2011-04-02;562
8;1;2011-04-09;476
8;1;2011-04-16;450
8;1;2011-04-23;376
8;1;2011-04-30;474
8;1;2011-05-07;630
8;1;2011-05-14;472
8;1;2011-05-21;376
8;1;2011-05-28;416
8;1;2011-06-04;340
8;1;2011-06-11;404
8;1;2011-06-18;320
8;1;2011-06-25;376
8;1;2011-07-02;372
8;1;2011-07-09;462
8;1;2011-07-16;334
8;1;2011-07-23;288
8;1;2011-07-30;348
8;1;2011-08-06;376
8;1;2011-08-13;352
8;1;2011-08-20;348
8;1;2011-08-27;404
8;1;2011-09-03;376
8;1;2011-09-10;418
8;1;2011-09-17;324
8;1;2011-09-24;362
8;1;2011-10-01;324
8;1;2011-10-08;356
8;1;2011-10-15;420
8;1;2011-10-22;358
8;1;2011-10-29;292
8;1;2011-11-05;332
8;1;2011-11-12;370
8;1;2011-11-19;342
8;1;2011-11-26;354
8;1;2011-12-03;404
8;1;2011-12-10;424
8;1;2011-12-17;478
8;1;2011-12-24;518
8;1;2011-12-31;448
8;1;2012-01-07;628
8;1;2012-01-14;588
8;1;2012-01-21;600
8;1;2012-01-28;508
8;1;2012-02-04;590
8;1;2012-02-11;558
8;1;2012-02-18;516
8;1;2012-02-25;558
8;1;2012-03-03;450
8;1;2012-03-10;506
8;1;2012-03-17;546
8;1;2012-03-24;488
8;1;2012-03-31;422
8;1;2012-04-07;424
8;1;2012-04-14;442
8;1;2012-04-21;478
8;1;2012-04-28;398
8;1;2012-05-05;390
8;1;2012-05-12;498
8;1;2012-05-19;456
8;1;2012-05-26;486
8;1;2012-06-02;498
8;1;2012-06-09;492
8;1;2012-06-16;464
8;1;2012-06-23;430
8;1;2012-06-30;490
8;1;2012-07-07;520
8;1;2012-07-14;558
8;1;2012-07-21;558
8;1;2012-07-28;518
8;1;2012-08-04;498
8;1;2012-08-11;682
8;1;2012-08-18;704
8;1;2012-08-25;570
8;1;2012-09-01;524
8;1;2012-09-08;552
8;1;2012-09-15;648
8;1;2012-09-22;672
8;1;2012-09-29;650
8;1;2012-10-06;602
8;1;2012-10-13;572
8;1;2012-10-20;698
8;1;2012-10-27;698
8;1;2012-11-03;796
8;1;2012-11-10;908
8;1;2012-11-17;974
8;1;2012-11-24;956
8;1;2012-12-01;762
8;1;2012-12-08;608
8;1;2012-12-15;490
8;1;2012-12-22;488
8;1;2012-12-29;458
8;1;2013-01-05;620
8;1;2013-01-12;634
8;1;2013-01-19;792
8;1;2013-01-26;924
8;1;2013-02-02;882
8;1;2013-02-09;786
8;1;2013-02-16;736
8;1;2013-02-23;680
8;1;2013-03-02;804
8;1;2013-03-09;966
8;1;2013-03-16;914
8;1;2013-03-23;832
8;1;2013-03-30;772
8;1;2013-04-06;636
8;1;2013-04-13;790
8;1;2013-04-20;554
8;1;2013-04-27;634
8;1;2013-05-04;682
8;1;2013-05-11;592
8;1;2013-05-18;652
8;1;2013-05-25;574
8;1;2013-06-01;552
8;1;2013-06-08;524
8;1;2013-06-15;566
8;1;2013-06-22;616
8;1;2013-06-29;578
8;1;2013-07-06;634
8;1;2013-07-13;582
8;1;2013-07-20;524
8;1;2013-07-27;482
8;1;2013-08-03;440
8;1;2013-08-10;494
8;1;2013-08-17;536
8;1;2013-08-24;462
8;1;2013-08-31;618
8;1;2013-09-07;808
8;1;2013-09-14;524
8;1;2013-09-21;478
8;1;2013-09-28;422
8;1;2013-10-05;562
8;1;2013-10-12;548
8;1;2013-10-19;498
8;1;2013-10-26;524
8;1;2013-11-02;NA
8;1;2013-11-09;616
8;1;2013-11-16;668
8;1;2013-11-23;580
8;1;2013-11-30;576
8;1;2013-12-07;620
8;1;2013-12-14;606
8;1;2013-12-21;748
8;1;2013-12-28;708
9;1;2010-11-06;338
9;1;2010-11-13;326
9;1;2010-11-20;370
9;1;2010-11-27;252
9;1;2010-12-04;340
9;1;2010-12-11;450
9;1;2010-12-18;422
9;1;2010-12-25;242
9;1;2011-01-01;308
9;1;2011-01-08;364
9;1;2011-01-15;434
9;1;2011-01-22;528
9;1;2011-01-29;440
9;1;2011-02-05;484
9;1;2011-02-12;648
9;1;2011-02-19;580
9;1;2011-02-26;480
9;1;2011-03-05;478
9;1;2011-03-12;564
9;1;2011-03-19;480
9;1;2011-03-26;324
9;1;2011-04-02;420
9;1;2011-04-09;366
9;1;2011-04-16;376
9;1;2011-04-23;384
9;1;2011-04-30;326
9;1;2011-05-07;500
9;1;2011-05-14;454
9;1;2011-05-21;358
9;1;2011-05-28;332
9;1;2011-06-04;346
9;1;2011-06-11;414
9;1;2011-06-18;346
9;1;2011-06-25;402
9;1;2011-07-02;366
9;1;2011-07-09;502
9;1;2011-07-16;394
9;1;2011-07-23;296
9;1;2011-07-30;322
9;1;2011-08-06;306
9;1;2011-08-13;306
9;1;2011-08-20;272
9;1;2011-08-27;332
9;1;2011-09-03;286
9;1;2011-09-10;348
9;1;2011-09-17;296
9;1;2011-09-24;282
9;1;2011-10-01;242
9;1;2011-10-08;224
9;1;2011-10-15;314
9;1;2011-10-22;282
9;1;2011-10-29;246
9;1;2011-11-05;262
9;1;2011-11-12;280
9;1;2011-11-19;288
9;1;2011-11-26;278
9;1;2011-12-03;322
9;1;2011-12-10;360
9;1;2011-12-17;404
9;1;2011-12-24;434
9;1;2011-12-31;464
9;1;2012-01-07;550
9;1;2012-01-14;538
9;1;2012-01-21;504
9;1;2012-01-28;446
9;1;2012-02-04;472
9;1;2012-02-11;586
9;1;2012-02-18;392
9;1;2012-02-25;460
9;1;2012-03-03;400
9;1;2012-03-10;538
9;1;2012-03-17;508
9;1;2012-03-24;430
9;1;2012-03-31;382
9;1;2012-04-07;398
9;1;2012-04-14;400
9;1;2012-04-21;388
9;1;2012-04-28;310
9;1;2012-05-05;288
9;1;2012-05-12;370
9;1;2012-05-19;362
9;1;2012-05-26;294
9;1;2012-06-02;344
9;1;2012-06-09;364
9;1;2012-06-16;386
9;1;2012-06-23;326
9;1;2012-06-30;324
9;1;2012-07-07;356
9;1;2012-07-14;502
9;1;2012-07-21;398
9;1;2012-07-28;288
9;1;2012-08-04;266
9;1;2012-08-11;522
9;1;2012-08-18;482
9;1;2012-08-25;336
9;1;2012-09-01;378
9;1;2012-09-08;362
9;1;2012-09-15;458
9;1;2012-09-22;396
9;1;2012-09-29;286
9;1;2012-10-06;424
9;1;2012-10-13;376
9;1;2012-10-20;424
9;1;2012-10-27;366
9;1;2012-11-03;486
9;1;2012-11-10;594
9;1;2012-11-17;688
9;1;2012-11-24;552
9;1;2012-12-01;430
9;1;2012-12-08;360
9;1;2012-12-15;338
9;1;2012-12-22;288
9;1;2012-12-29;304
9;1;2013-01-05;384
9;1;2013-01-12;424
9;1;2013-01-19;432
9;1;2013-01-26;636
9;1;2013-02-02;564
9;1;2013-02-09;608
9;1;2013-02-16;518
9;1;2013-02-23;544
9;1;2013-03-02;682
9;1;2013-03-09;688
9;1;2013-03-16;728
9;1;2013-03-23;652
9;1;2013-03-30;462
9;1;2013-04-06;532
9;1;2013-04-13;508
9;1;2013-04-20;478
9;1;2013-04-27;388
9;1;2013-05-04;410
9;1;2013-05-11;334
9;1;2013-05-18;468
9;1;2013-05-25;450
9;1;2013-06-01;456
9;1;2013-06-08;530
9;1;2013-06-15;512
9;1;2013-06-22;558
9;1;2013-06-29;604
9;1;2013-07-06;670
9;1;2013-07-13;648
9;1;2013-07-20;538
9;1;2013-07-27;462
9;1;2013-08-03;456
9;1;2013-08-10;496
9;1;2013-08-17;482
9;1;2013-08-24;472
9;1;2013-08-31;474
9;1;2013-09-07;684
9;1;2013-09-14;466
9;1;2013-09-21;456
9;1;2013-09-28;364
9;1;2013-10-05;496
9;1;2013-10-12;462
9;1;2013-10-19;454
9;1;2013-10-26;408
9;1;2013-11-02;NA
9;1;2013-11-09;480
9;1;2013-11-16;514
9;1;2013-11-23;398
9;1;2013-11-30;400
9;1;2013-12-07;414
9;1;2013-12-14;404
9;1;2013-12-21;512
9;1;2013-12-28;512
10;1;2010-11-06;110
10;1;2010-11-13;152
10;1;2010-11-20;150
10;1;2010-11-27;110
10;1;2010-12-04;142
10;1;2010-12-11;152
10;1;2010-12-18;136
10;1;2010-12-25;182
10;1;2011-01-01;180
10;1;2011-01-08;192
10;1;2011-01-15;220
10;1;2011-01-22;180
10;1;2011-01-29;196
10;1;2011-02-05;182
10;1;2011-02-12;188
10;1;2011-02-19;188
10;1;2011-02-26;180
10;1;2011-03-05;196
10;1;2011-03-12;228
10;1;2011-03-19;188
10;1;2011-03-26;128
10;1;2011-04-02;130
10;1;2011-04-09;124
10;1;2011-04-16;124
10;1;2011-04-23;114
10;1;2011-04-30;92
10;1;2011-05-07;106
10;1;2011-05-14;116
10;1;2011-05-21;88
10;1;2011-05-28;82
10;1;2011-06-04;116
10;1;2011-06-11;132
10;1;2011-06-18;76
10;1;2011-06-25;116
10;1;2011-07-02;100
10;1;2011-07-09;80
10;1;2011-07-16;124
10;1;2011-07-23;116
10;1;2011-07-30;80
10;1;2011-08-06;102
10;1;2011-08-13;92
10;1;2011-08-20;94
10;1;2011-08-27;96
10;1;2011-09-03;92
10;1;2011-09-10;98
10;1;2011-09-17;74
10;1;2011-09-24;104
10;1;2011-10-01;106
10;1;2011-10-08;104
10;1;2011-10-15;126
10;1;2011-10-22;116
10;1;2011-10-29;116
10;1;2011-11-05;100
10;1;2011-11-12;140
10;1;2011-11-19;130
10;1;2011-11-26;118
10;1;2011-12-03;150
10;1;2011-12-10;150
10;1;2011-12-17;198
10;1;2011-12-24;140
10;1;2011-12-31;172
10;1;2012-01-07;182
10;1;2012-01-14;242
10;1;2012-01-21;176
10;1;2012-01-28;190
10;1;2012-02-04;234
10;1;2012-02-11;196
10;1;2012-02-18;270
10;1;2012-02-25;224
10;1;2012-03-03;236
10;1;2012-03-10;232
10;1;2012-03-17;184
10;1;2012-03-24;140
10;1;2012-03-31;106
10;1;2012-04-07;92
10;1;2012-04-14;108
10;1;2012-04-21;132
10;1;2012-04-28;94
10;1;2012-05-05;128
10;1;2012-05-12;106
10;1;2012-05-19;104
10;1;2012-05-26;122
10;1;2012-06-02;88
10;1;2012-06-09;140
10;1;2012-06-16;100
10;1;2012-06-23;86
10;1;2012-06-30;104
10;1;2012-07-07;118
10;1;2012-07-14;92
10;1;2012-07-21;98
10;1;2012-07-28;82
10;1;2012-08-04;92
10;1;2012-08-11;112
10;1;2012-08-18;94
10;1;2012-08-25;86
10;1;2012-09-01;58
10;1;2012-09-08;70
10;1;2012-09-15;78
10;1;2012-09-22;110
10;1;2012-09-29;94
10;1;2012-10-06;132
10;1;2012-10-13;120
10;1;2012-10-20;108
10;1;2012-10-27;110
10;1;2012-11-03;110
10;1;2012-11-10;150
10;1;2012-11-17;138
10;1;2012-11-24;156
10;1;2012-12-01;170
10;1;2012-12-08;182
10;1;2012-12-15;202
10;1;2012-12-22;194
10;1;2012-12-29;172
10;1;2013-01-05;222
10;1;2013-01-12;266
10;1;2013-01-19;270
10;1;2013-01-26;280
10;1;2013-02-02;292
10;1;2013-02-09;346
10;1;2013-02-16;268
10;1;2013-02-23;248
10;1;2013-03-02;226
10;1;2013-03-09;268
10;1;2013-03-16;242
10;1;2013-03-23;192
10;1;2013-03-30;130
10;1;2013-04-06;164
10;1;2013-04-13;168
10;1;2013-04-20;122
10;1;2013-04-27;112
10;1;2013-05-04;108
10;1;2013-05-11;102
10;1;2013-05-18;98
10;1;2013-05-25;88
10;1;2013-06-01;90
10;1;2013-06-08;92
10;1;2013-06-15;122
10;1;2013-06-22;120
10;1;2013-06-29;94
10;1;2013-07-06;104
10;1;2013-07-13;108
10;1;2013-07-20;114
10;1;2013-07-27;88
10;1;2013-08-03;82
10;1;2013-08-10;92
10;1;2013-08-17;92
10;1;2013-08-24;72
10;1;2013-08-31;112
10;1;2013-09-07;96
10;1;2013-09-14;100
10;1;2013-09-21;96
10;1;2013-09-28;112
10;1;2013-10-05;108
10;1;2013-10-12;118
10;1;2013-10-19;88
10;1;2013-10-26;94
10;1;2013-11-02;NA
10;1;2013-11-09;106
10;1;2013-11-16;112
10;1;2013-11-23;128
10;1;2013-11-30;124
10;1;2013-12-07;178
10;1;2013-12-14;160
10;1;2013-12-21;156
10;1;2013-12-28;136
11;1;2010-11-06;122
11;1;2010-11-13;152
11;1;2010-11-20;134
11;1;2010-11-27;116
11;1;2010-12-04;100
11;1;2010-12-11;152
11;1;2010-12-18;162
11;1;2010-12-25;136
11;1;2011-01-01;134
11;1;2011-01-08;142
11;1;2011-01-15;136
11;1;2011-01-22;168
11;1;2011-01-29;132
11;1;2011-02-05;188
11;1;2011-02-12;182
11;1;2011-02-19;230
11;1;2011-02-26;186
11;1;2011-03-05;260
11;1;2011-03-12;246
11;1;2011-03-19;204
11;1;2011-03-26;184
11;1;2011-04-02;188
11;1;2011-04-09;190
11;1;2011-04-16;182
11;1;2011-04-23;192
11;1;2011-04-30;172
11;1;2011-05-07;230
11;1;2011-05-14;224
11;1;2011-05-21;300
11;1;2011-05-28;222
11;1;2011-06-04;234
11;1;2011-06-11;240
11;1;2011-06-18;270
11;1;2011-06-25;298
11;1;2011-07-02;246
11;1;2011-07-09;284
11;1;2011-07-16;200
11;1;2011-07-23;158
11;1;2011-07-30;186
11;1;2011-08-06;166
11;1;2011-08-13;168
11;1;2011-08-20;150
11;1;2011-08-27;170
11;1;2011-09-03;162
11;1;2011-09-10;174
11;1;2011-09-17;132
11;1;2011-09-24;172
11;1;2011-10-01;140
11;1;2011-10-08;134
11;1;2011-10-15;180
11;1;2011-10-22;142
11;1;2011-10-29;158
11;1;2011-11-05;122
11;1;2011-11-12;164
11;1;2011-11-19;158
11;1;2011-11-26;158
11;1;2011-12-03;114
11;1;2011-12-10;126
11;1;2011-12-17;178
11;1;2011-12-24;132
11;1;2011-12-31;174
11;1;2012-01-07;194
11;1;2012-01-14;216
11;1;2012-01-21;220
11;1;2012-01-28;174
11;1;2012-02-04;188
11;1;2012-02-11;222
11;1;2012-02-18;196
11;1;2012-02-25;194
11;1;2012-03-03;196
11;1;2012-03-10;202
11;1;2012-03-17;218
11;1;2012-03-24;158
11;1;2012-03-31;154
11;1;2012-04-07;204
11;1;2012-04-14;126
11;1;2012-04-21;218
11;1;2012-04-28;144
11;1;2012-05-05;166
11;1;2012-05-12;194
11;1;2012-05-19;164
11;1;2012-05-26;166
11;1;2012-06-02;200
11;1;2012-06-09;224
11;1;2012-06-16;278
11;1;2012-06-23;234
11;1;2012-06-30;200
11;1;2012-07-07;232
11;1;2012-07-14;218
11;1;2012-07-21;220
11;1;2012-07-28;144
11;1;2012-08-04;180
11;1;2012-08-11;268
11;1;2012-08-18;194
11;1;2012-08-25;186
11;1;2012-09-01;156
11;1;2012-09-08;220
11;1;2012-09-15;194
11;1;2012-09-22;154
11;1;2012-09-29;152
11;1;2012-10-06;148
11;1;2012-10-13;144
11;1;2012-10-20;210
11;1;2012-10-27;144
11;1;2012-11-03;160
11;1;2012-11-10;188
11;1;2012-11-17;168
11;1;2012-11-24;148
11;1;2012-12-01;142
11;1;2012-12-08;118
11;1;2012-12-15;178
11;1;2012-12-22;142
11;1;2012-12-29;186
11;1;2013-01-05;196
11;1;2013-01-12;180
11;1;2013-01-19;148
11;1;2013-01-26;270
11;1;2013-02-02;172
11;1;2013-02-09;206
11;1;2013-02-16;176
11;1;2013-02-23;280
11;1;2013-03-02;304
11;1;2013-03-09;262
11;1;2013-03-16;262
11;1;2013-03-23;204
11;1;2013-03-30;208
11;1;2013-04-06;194
11;1;2013-04-13;222
11;1;2013-04-20;194
11;1;2013-04-27;272
11;1;2013-05-04;264
11;1;2013-05-11;228
11;1;2013-05-18;222
11;1;2013-05-25;218
11;1;2013-06-01;228
11;1;2013-06-08;266
11;1;2013-06-15;192
11;1;2013-06-22;212
11;1;2013-06-29;250
11;1;2013-07-06;278
11;1;2013-07-13;192
11;1;2013-07-20;214
11;1;2013-07-27;144
11;1;2013-08-03;144
11;1;2013-08-10;164
11;1;2013-08-17;168
11;1;2013-08-24;150
11;1;2013-08-31;166
11;1;2013-09-07;136
11;1;2013-09-14;150
11;1;2013-09-21;182
11;1;2013-09-28;134
11;1;2013-10-05;200
11;1;2013-10-12;152
11;1;2013-10-19;172
11;1;2013-10-26;160
11;1;2013-11-02;NA
11;1;2013-11-09;172
11;1;2013-11-16;164
11;1;2013-11-23;106
11;1;2013-11-30;152
11;1;2013-12-07;116
11;1;2013-12-14;150
11;1;2013-12-21;180
11;1;2013-12-28;182
12;1;2010-11-06;1270
12;1;2010-11-13;1628
12;1;2010-11-20;1412
12;1;2010-11-27;1366
12;1;2010-12-04;1408
12;1;2010-12-11;1166
12;1;2010-12-18;1470
12;1;2010-12-25;1508
12;1;2011-01-01;1400
12;1;2011-01-08;1374
12;1;2011-01-15;1648
12;1;2011-01-22;2022
12;1;2011-01-29;2064
12;1;2011-02-05;1764
12;1;2011-02-12;1672
12;1;2011-02-19;2314
12;1;2011-02-26;2254
12;1;2011-03-05;2090
12;1;2011-03-12;1646
12;1;2011-03-19;1670
12;1;2011-03-26;1474
12;1;2011-04-02;1240
12;1;2011-04-09;1476
12;1;2011-04-16;1130
12;1;2011-04-23;1520
12;1;2011-04-30;1304
12;1;2011-05-07;1280
12;1;2011-05-14;1396
12;1;2011-05-21;1414
12;1;2011-05-28;1296
12;1;2011-06-04;1348
12;1;2011-06-11;1378
12;1;2011-06-18;1534
12;1;2011-06-25;1260
12;1;2011-07-02;1162
12;1;2011-07-09;1176
12;1;2011-07-16;1354
12;1;2011-07-23;1068
12;1;2011-07-30;1132
12;1;2011-08-06;1436
12;1;2011-08-13;1278
12;1;2011-08-20;1260
12;1;2011-08-27;1232
12;1;2011-09-03;1436
12;1;2011-09-10;1130
12;1;2011-09-17;1298
12;1;2011-09-24;1412
12;1;2011-10-01;1308
12;1;2011-10-08;1636
12;1;2011-10-15;1364
12;1;2011-10-22;1422
12;1;2011-10-29;1430
12;1;2011-11-05;1164
12;1;2011-11-12;1432
12;1;2011-11-19;1370
12;1;2011-11-26;1070
12;1;2011-12-03;1060
12;1;2011-12-10;930
12;1;2011-12-17;1074
12;1;2011-12-24;1324
12;1;2011-12-31;1090
12;1;2012-01-07;1302
12;1;2012-01-14;1078
12;1;2012-01-21;1250
12;1;2012-01-28;1146
12;1;2012-02-04;1354
12;1;2012-02-11;1078
12;1;2012-02-18;1350
12;1;2012-02-25;1634
12;1;2012-03-03;1416
12;1;2012-03-10;1626
12;1;2012-03-17;1610
12;1;2012-03-24;1300
12;1;2012-03-31;1492
12;1;2012-04-07;1586
12;1;2012-04-14;1526
12;1;2012-04-21;1522
12;1;2012-04-28;1402
12;1;2012-05-05;1568
12;1;2012-05-12;1672
12;1;2012-05-19;1584
12;1;2012-05-26;1734
12;1;2012-06-02;1642
12;1;2012-06-09;1622
12;1;2012-06-16;1850
12;1;2012-06-23;1664
12;1;2012-06-30;1436
12;1;2012-07-07;952
12;1;2012-07-14;968
12;1;2012-07-21;940
12;1;2012-07-28;782
12;1;2012-08-04;902
12;1;2012-08-11;1086
12;1;2012-08-18;932
12;1;2012-08-25;912
12;1;2012-09-01;984
12;1;2012-09-08;1004
12;1;2012-09-15;1128
12;1;2012-09-22;1394
12;1;2012-09-29;1204
12;1;2012-10-06;1024
12;1;2012-10-13;884
12;1;2012-10-20;986
12;1;2012-10-27;958
12;1;2012-11-03;1060
12;1;2012-11-10;1090
12;1;2012-11-17;1118
12;1;2012-11-24;1122
12;1;2012-12-01;820
12;1;2012-12-08;1076
12;1;2012-12-15;1010
12;1;2012-12-22;1078
12;1;2012-12-29;1056
12;1;2013-01-05;1082
12;1;2013-01-12;942
12;1;2013-01-19;1118
12;1;2013-01-26;958
12;1;2013-02-02;1062
12;1;2013-02-09;1114
12;1;2013-02-16;1172
12;1;2013-02-23;914
12;1;2013-03-02;948
12;1;2013-03-09;1482
12;1;2013-03-16;1428
12;1;2013-03-23;1284
12;1;2013-03-30;1136
12;1;2013-04-06;1124
12;1;2013-04-13;1116
12;1;2013-04-20;1068
12;1;2013-04-27;1114
12;1;2013-05-04;948
12;1;2013-05-11;1096
12;1;2013-05-18;1190
12;1;2013-05-25;1374
12;1;2013-06-01;1162
12;1;2013-06-08;1030
12;1;2013-06-15;928
12;1;2013-06-22;1224
12;1;2013-06-29;1098
12;1;2013-07-06;1026
12;1;2013-07-13;982
12;1;2013-07-20;856
12;1;2013-07-27;872
12;1;2013-08-03;684
12;1;2013-08-10;754
12;1;2013-08-17;658
12;1;2013-08-24;692
12;1;2013-08-31;690
12;1;2013-09-07;762
12;1;2013-09-14;878
12;1;2013-09-21;658
12;1;2013-09-28;904
12;1;2013-10-05;760
12;1;2013-10-12;722
12;1;2013-10-19;942
12;1;2013-10-26;844
12;1;2013-11-02;NA
12;1;2013-11-09;750
12;1;2013-11-16;954
12;1;2013-11-23;830
12;1;2013-11-30;780
12;1;2013-12-07;952
12;1;2013-12-14;974
12;1;2013-12-21;1570
12;1;2013-12-28;1470
13;1;2010-11-06;958
13;1;2010-11-13;1374
13;1;2010-11-20;1164
13;1;2010-11-27;1058
13;1;2010-12-04;954
13;1;2010-12-11;910
13;1;2010-12-18;1222
13;1;2010-12-25;1176
13;1;2011-01-01;1202
13;1;2011-01-08;1036
13;1;2011-01-15;1392
13;1;2011-01-22;1508
13;1;2011-01-29;1692
13;1;2011-02-05;1344
13;1;2011-02-12;1296
13;1;2011-02-19;1820
13;1;2011-02-26;1746
13;1;2011-03-05;1678
13;1;2011-03-12;1256
13;1;2011-03-19;1336
13;1;2011-03-26;1098
13;1;2011-04-02;944
13;1;2011-04-09;1284
13;1;2011-04-16;898
13;1;2011-04-23;1152
13;1;2011-04-30;1026
13;1;2011-05-07;962
13;1;2011-05-14;1088
13;1;2011-05-21;1114
13;1;2011-05-28;1048
13;1;2011-06-04;1130
13;1;2011-06-11;960
13;1;2011-06-18;1124
13;1;2011-06-25;1028
13;1;2011-07-02;952
13;1;2011-07-09;868
13;1;2011-07-16;1066
13;1;2011-07-23;810
13;1;2011-07-30;898
13;1;2011-08-06;1112
13;1;2011-08-13;942
13;1;2011-08-20;902
13;1;2011-08-27;956
13;1;2011-09-03;976
13;1;2011-09-10;870
13;1;2011-09-17;1022
13;1;2011-09-24;1130
13;1;2011-10-01;994
13;1;2011-10-08;1336
13;1;2011-10-15;1014
13;1;2011-10-22;1028
13;1;2011-10-29;1204
13;1;2011-11-05;1010
13;1;2011-11-12;1012
13;1;2011-11-19;1046
13;1;2011-11-26;882
13;1;2011-12-03;928
13;1;2011-12-10;768
13;1;2011-12-17;950
13;1;2011-12-24;906
13;1;2011-12-31;896
13;1;2012-01-07;942
13;1;2012-01-14;752
13;1;2012-01-21;1096
13;1;2012-01-28;928
13;1;2012-02-04;1088
13;1;2012-02-11;876
13;1;2012-02-18;1116
13;1;2012-02-25;1338
13;1;2012-03-03;1206
13;1;2012-03-10;1300
13;1;2012-03-17;1194
13;1;2012-03-24;1050
13;1;2012-03-31;1230
13;1;2012-04-07;1260
13;1;2012-04-14;1196
13;1;2012-04-21;1222
13;1;2012-04-28;1208
13;1;2012-05-05;1224
13;1;2012-05-12;1378
13;1;2012-05-19;1334
13;1;2012-05-26;1422
13;1;2012-06-02;1378
13;1;2012-06-09;1218
13;1;2012-06-16;1468
13;1;2012-06-23;1384
13;1;2012-06-30;1158
13;1;2012-07-07;630
13;1;2012-07-14;560
13;1;2012-07-21;614
13;1;2012-07-28;594
13;1;2012-08-04;676
13;1;2012-08-11;730
13;1;2012-08-18;704
13;1;2012-08-25;704
13;1;2012-09-01;710
13;1;2012-09-08;806
13;1;2012-09-15;782
13;1;2012-09-22;1046
13;1;2012-09-29;888
13;1;2012-10-06;810
13;1;2012-10-13;750
13;1;2012-10-20;678
13;1;2012-10-27;670
13;1;2012-11-03;750
13;1;2012-11-10;764
13;1;2012-11-17;674
13;1;2012-11-24;752
13;1;2012-12-01;556
13;1;2012-12-08;838
13;1;2012-12-15;718
13;1;2012-12-22;772
13;1;2012-12-29;782
13;1;2013-01-05;654
13;1;2013-01-12;594
13;1;2013-01-19;844
13;1;2013-01-26;746
13;1;2013-02-02;838
13;1;2013-02-09;854
13;1;2013-02-16;876
13;1;2013-02-23;744
13;1;2013-03-02;818
13;1;2013-03-09;1088
13;1;2013-03-16;990
13;1;2013-03-23;1040
13;1;2013-03-30;960
13;1;2013-04-06;886
13;1;2013-04-13;864
13;1;2013-04-20;792
13;1;2013-04-27;846
13;1;2013-05-04;726
13;1;2013-05-11;802
13;1;2013-05-18;990
13;1;2013-05-25;956
13;1;2013-06-01;858
13;1;2013-06-08;788
13;1;2013-06-15;638
13;1;2013-06-22;772
13;1;2013-06-29;692
13;1;2013-07-06;636
13;1;2013-07-13;690
13;1;2013-07-20;530
13;1;2013-07-27;558
13;1;2013-08-03;554
13;1;2013-08-10;596
13;1;2013-08-17;466
13;1;2013-08-24;582
13;1;2013-08-31;590
13;1;2013-09-07;596
13;1;2013-09-14;610
13;1;2013-09-21;510
13;1;2013-09-28;622
13;1;2013-10-05;628
13;1;2013-10-12;556
13;1;2013-10-19;672
13;1;2013-10-26;646
13;1;2013-11-02;NA
13;1;2013-11-09;556
13;1;2013-11-16;738
13;1;2013-11-23;646
13;1;2013-11-30;658
13;1;2013-12-07;854
13;1;2013-12-14;840
13;1;2013-12-21;1326
13;1;2013-12-28;1248
14;1;2010-11-06;412
14;1;2010-11-13;548
14;1;2010-11-20;574
14;1;2010-11-27;506
14;1;2010-12-04;628
14;1;2010-12-11;674
14;1;2010-12-18;706
14;1;2010-12-25;774
14;1;2011-01-01;928
14;1;2011-01-08;978
14;1;2011-01-15;930
14;1;2011-01-22;830
14;1;2011-01-29;850
14;1;2011-02-05;924
14;1;2011-02-12;948
14;1;2011-02-19;1004
14;1;2011-02-26;992
14;1;2011-03-05;1052
14;1;2011-03-12;962
14;1;2011-03-19;906
14;1;2011-03-26;706
14;1;2011-04-02;792
14;1;2011-04-09;764
14;1;2011-04-16;706
14;1;2011-04-23;554
14;1;2011-04-30;446
14;1;2011-05-07;484
14;1;2011-05-14;482
14;1;2011-05-21;432
14;1;2011-05-28;448
14;1;2011-06-04;530
14;1;2011-06-11;612
14;1;2011-06-18;506
14;1;2011-06-25;458
14;1;2011-07-02;500
14;1;2011-07-09;544
14;1;2011-07-16;500
14;1;2011-07-23;584
14;1;2011-07-30;526
14;1;2011-08-06;470
14;1;2011-08-13;478
14;1;2011-08-20;376
14;1;2011-08-27;466
14;1;2011-09-03;292
14;1;2011-09-10;346
14;1;2011-09-17;370
14;1;2011-09-24;348
14;1;2011-10-01;360
14;1;2011-10-08;500
14;1;2011-10-15;498
14;1;2011-10-22;478
14;1;2011-10-29;424
14;1;2011-11-05;424
14;1;2011-11-12;448
14;1;2011-11-19;480
14;1;2011-11-26;470
14;1;2011-12-03;460
14;1;2011-12-10;566
14;1;2011-12-17;608
14;1;2011-12-24;698
14;1;2011-12-31;702
14;1;2012-01-07;756
14;1;2012-01-14;900
14;1;2012-01-21;990
14;1;2012-01-28;906
14;1;2012-02-04;1068
14;1;2012-02-11;994
14;1;2012-02-18;984
14;1;2012-02-25;954
14;1;2012-03-03;988
14;1;2012-03-10;1016
14;1;2012-03-17;864
14;1;2012-03-24;722
14;1;2012-03-31;634
14;1;2012-04-07;628
14;1;2012-04-14;528
14;1;2012-04-21;634
14;1;2012-04-28;526
14;1;2012-05-05;634
14;1;2012-05-12;564
14;1;2012-05-19;586
14;1;2012-05-26;574
14;1;2012-06-02;630
14;1;2012-06-09;570
14;1;2012-06-16;622
14;1;2012-06-23;658
14;1;2012-06-30;648
14;1;2012-07-07;806
14;1;2012-07-14;760
14;1;2012-07-21;608
14;1;2012-07-28;588
14;1;2012-08-04;590
14;1;2012-08-11;634
14;1;2012-08-18;512
14;1;2012-08-25;410
14;1;2012-09-01;442
14;1;2012-09-08;474
14;1;2012-09-15;478
14;1;2012-09-22;508
14;1;2012-09-29;470
14;1;2012-10-06;464
14;1;2012-10-13;400
14;1;2012-10-20;470
14;1;2012-10-27;540
14;1;2012-11-03;304
14;1;2012-11-10;362
14;1;2012-11-17;388
14;1;2012-11-24;308
14;1;2012-12-01;306
14;1;2012-12-08;302
14;1;2012-12-15;216
14;1;2012-12-22;800
14;1;2012-12-29;874
14;1;2013-01-05;1032
14;1;2013-01-12;1204
14;1;2013-01-19;1394
14;1;2013-01-26;1132
14;1;2013-02-02;1228
14;1;2013-02-09;1166
14;1;2013-02-16;982
14;1;2013-02-23;994
14;1;2013-03-02;982
14;1;2013-03-09;1044
14;1;2013-03-16;946
14;1;2013-03-23;964
14;1;2013-03-30;974
14;1;2013-04-06;824
14;1;2013-04-13;1082
14;1;2013-04-20;860
14;1;2013-04-27;690
14;1;2013-05-04;734
14;1;2013-05-11;798
14;1;2013-05-18;582
14;1;2013-05-25;554
14;1;2013-06-01;656
14;1;2013-06-08;658
14;1;2013-06-15;566
14;1;2013-06-22;554
14;1;2013-06-29;628
14;1;2013-07-06;622
14;1;2013-07-13;656
14;1;2013-07-20;710
14;1;2013-07-27;562
14;1;2013-08-03;472
14;1;2013-08-10;438
14;1;2013-08-17;464
14;1;2013-08-24;418
14;1;2013-08-31;426
14;1;2013-09-07;448
14;1;2013-09-14;496
14;1;2013-09-21;478
14;1;2013-09-28;412
14;1;2013-10-05;400
14;1;2013-10-12;444
14;1;2013-10-19;434
14;1;2013-10-26;394
14;1;2013-11-02;NA
14;1;2013-11-09;522
14;1;2013-11-16;582
14;1;2013-11-23;636
14;1;2013-11-30;528
14;1;2013-12-07;704
14;1;2013-12-14;674
14;1;2013-12-21;742
14;1;2013-12-28;694
15;1;2010-11-06;124
15;1;2010-11-13;172
15;1;2010-11-20;192
15;1;2010-11-27;212
15;1;2010-12-04;186
15;1;2010-12-11;216
15;1;2010-12-18;296
15;1;2010-12-25;274
15;1;2011-01-01;368
15;1;2011-01-08;282
15;1;2011-01-15;330
15;1;2011-01-22;304
15;1;2011-01-29;272
15;1;2011-02-05;284
15;1;2011-02-12;276
15;1;2011-02-19;390
15;1;2011-02-26;368
15;1;2011-03-05;354
15;1;2011-03-12;348
15;1;2011-03-19;266
15;1;2011-03-26;288
15;1;2011-04-02;202
15;1;2011-04-09;266
15;1;2011-04-16;270
15;1;2011-04-23;196
15;1;2011-04-30;154
15;1;2011-05-07;136
15;1;2011-05-14;188
15;1;2011-05-21;130
15;1;2011-05-28;138
15;1;2011-06-04;196
15;1;2011-06-11;200
15;1;2011-06-18;122
15;1;2011-06-25;106
15;1;2011-07-02;174
15;1;2011-07-09;146
15;1;2011-07-16;156
15;1;2011-07-23;184
15;1;2011-07-30;134
15;1;2011-08-06;120
15;1;2011-08-13;110
15;1;2011-08-20;116
15;1;2011-08-27;108
15;1;2011-09-03;110
15;1;2011-09-10;144
15;1;2011-09-17;114
15;1;2011-09-24;110
15;1;2011-10-01;108
15;1;2011-10-08;112
15;1;2011-10-15;106
15;1;2011-10-22;142
15;1;2011-10-29;132
15;1;2011-11-05;142
15;1;2011-11-12;176
15;1;2011-11-19;144
15;1;2011-11-26;156
15;1;2011-12-03;138
15;1;2011-12-10;170
15;1;2011-12-17;208
15;1;2011-12-24;224
15;1;2011-12-31;244
15;1;2012-01-07;320
15;1;2012-01-14;278
15;1;2012-01-21;276
15;1;2012-01-28;310
15;1;2012-02-04;264
15;1;2012-02-11;386
15;1;2012-02-18;310
15;1;2012-02-25;344
15;1;2012-03-03;304
15;1;2012-03-10;334
15;1;2012-03-17;316
15;1;2012-03-24;218
15;1;2012-03-31;200
15;1;2012-04-07;178
15;1;2012-04-14;188
15;1;2012-04-21;228
15;1;2012-04-28;180
15;1;2012-05-05;210
15;1;2012-05-12;168
15;1;2012-05-19;138
15;1;2012-05-26;176
15;1;2012-06-02;142
15;1;2012-06-09;188
15;1;2012-06-16;196
15;1;2012-06-23;200
15;1;2012-06-30;154
15;1;2012-07-07;162
15;1;2012-07-14;184
15;1;2012-07-21;122
15;1;2012-07-28;148
15;1;2012-08-04;128
15;1;2012-08-11;176
15;1;2012-08-18;138
15;1;2012-08-25;104
15;1;2012-09-01;144
15;1;2012-09-08;142
15;1;2012-09-15;106
15;1;2012-09-22;150
15;1;2012-09-29;114
15;1;2012-10-06;128
15;1;2012-10-13;96
15;1;2012-10-20;132
15;1;2012-10-27;114
15;1;2012-11-03;146
15;1;2012-11-10;114
15;1;2012-11-17;152
15;1;2012-11-24;134
15;1;2012-12-01;122
15;1;2012-12-08;170
15;1;2012-12-15;222
15;1;2012-12-22;300
15;1;2012-12-29;206
15;1;2013-01-05;254
15;1;2013-01-12;312
15;1;2013-01-19;312
15;1;2013-01-26;372
15;1;2013-02-02;416
15;1;2013-02-09;370
15;1;2013-02-16;314
15;1;2013-02-23;348
15;1;2013-03-02;332
15;1;2013-03-09;402
15;1;2013-03-16;366
15;1;2013-03-23;302
15;1;2013-03-30;346
15;1;2013-04-06;326
15;1;2013-04-13;344
15;1;2013-04-20;218
15;1;2013-04-27;196
15;1;2013-05-04;222
15;1;2013-05-11;158
15;1;2013-05-18;136
15;1;2013-05-25;164
15;1;2013-06-01;162
15;1;2013-06-08;138
15;1;2013-06-15;120
15;1;2013-06-22;140
15;1;2013-06-29;110
15;1;2013-07-06;160
15;1;2013-07-13;158
15;1;2013-07-20;188
15;1;2013-07-27;120
15;1;2013-08-03;138
15;1;2013-08-10;98
15;1;2013-08-17;88
15;1;2013-08-24;88
15;1;2013-08-31;94
15;1;2013-09-07;124
15;1;2013-09-14;106
15;1;2013-09-21;124
15;1;2013-09-28;86
15;1;2013-10-05;138
15;1;2013-10-12;152
15;1;2013-10-19;150
15;1;2013-10-26;122
15;1;2013-11-02;NA
15;1;2013-11-09;148
15;1;2013-11-16;152
15;1;2013-11-23;156
15;1;2013-11-30;140
15;1;2013-12-07;186
15;1;2013-12-14;184
15;1;2013-12-21;220
15;1;2013-12-28;212
